{
    "medical - overdose/poisoning - opioid (protocol 7 - 1)": {
        "Naloxone (narcan)": 0.3071205132379982,
        "Haldol": 0.014159012249504277,
        "Midazolam (versed)": 0.0030712051323799824,
        "Ondansetron (zofran)": 0.0012394783046955798
    },
    "medical - altered mental status": {
        "Naloxone (narcan)": 0.12015845557735058,
        "Glucose (oral forms)": 0.022304935983538852,
        "Midazolam (versed)": 0.013732394923125781,
        "Glucagon (glucagen)": 0.011412480695720095,
        "Dextrose 10 % injectable solution": 0.011152467991769426,
        "Albuterol (proventil)": 0.011152467991769426,
        "Ipratropium (atrovent)": 0.011152467991769426,
        "Aspirin (asa)": 0.002582580306421429,
        "Ondansetron (zofran)": 0.00221685036916254
    },
    "injury - general trauma management (protocol 4 - 1)": {
        "Fentanyl": 0.4415990572097304,
        "Ketamine (ketalar)": 0.07308548969964707,
        "Ketorolac (toradol)": 0.027182242374899815,
        "Diprivan": 0.024361829899882358,
        "Midazolam (versed)": 0.01585283825684373,
        "Aspirin (asa)": 0.003975148118707494,
        "Ondansetron (zofran)": 0.0017061054311692098
    },
    "general - pain control": {
        "Fentanyl": 0.6645926190708319,
        "Ketorolac (toradol)": 0.10268847119406596,
        "Midazolam (versed)": 0.006654277786823295,
        "Aspirin (asa)": 0.005005742075409436,
        "Ondansetron (zofran)": 0.004296858122944676
    },
    "general - cardiac arrest": {
        "Epi 1:10,000": 1.6226663142021513,
        "Sodium bicarbonate": 0.10181435696954674,
        "Amiodarone (cordarone)": 0.041362082518878365,
        "Naloxone (narcan)": 0.028985727312129127,
        "10 ml calcium chloride 10 % prefilled syringe": 0.009545095965895008,
        "Dextrose 10 % injectable solution": 0.008967669524751854,
        "Norepinephrine (levophed)": 0.0063633973105966714,
        "Epi 1:1,000": 0.004588372520430358,
        "Diphenhydramine (benadryl)": 0.0031816986552983357,
        "Norepinephrine injection [levophed]": 0.0031816986552983357,
        "Atropine": 0.0031816986552983357,
        "Insulin": 0.0031816986552983357,
        "Albuterol (proventil)": 0.0022419173811879635,
        "Ipratropium (atrovent)": 0.0022419173811879635,
        "Dexamethasone 10mg iv/im": 0.001775024790166313,
        "Glucose (oral forms)": 0.0011209586905939818
    },
    "medical - diabetic - hypoglycemia": {
        "Dextrose 10 % injectable solution": 0.4502410649248627,
        "Glucose (oral forms)": 0.22512053246243136,
        "Glucagon (glucagen)": 0.16637766499974796,
        "Dexamethasone 10mg iv/im": 0.00990210257942779,
        "Naloxone (narcan)": 0.0038499750052334776,
        "Aspirin (asa)": 0.0028961793436297453,
        "Ondansetron (zofran)": 0.0012430196712804242
    },
    "medical - chest pain - cardiac suspected (protocol 2 - 1)": {
        "Aspirin (asa)": 0.27923540464052826,
        "Nitroglycerin": 0.08113627785183644,
        "Albuterol (proventil)": 0.01156279464429679,
        "Ipratropium (atrovent)": 0.01156279464429679,
        "Fentanyl": 0.01036426687422745,
        "Labetalol (normodyne)": 0.004688503112807548,
        "Adenosine (adenocard)": 0.004688503112807548,
        "Ondansetron (zofran)": 0.0022984137318015395,
        "Midazolam (versed)": 0.00203394905936863
    },
    "medical - respiratory distress/asthma/copd/croup/reactive airway (respiratory distress) (protocol 3 - 11)": {
        "Albuterol (proventil)": 0.24407007223199634,
        "Ipratropium (atrovent)": 0.205160350571823,
        "Dexamethasone 10mg iv/im": 0.15216564367847957,
        "Terbutaline sulfate 1 mg/ml": 0.06860685026350707,
        "Magnesium sulfate": 0.03346675622610101,
        "Dexamethasone 10mg po": 0.03346675622610101,
        "Albuterol 5mg / ipratropium 0.5mg (duoneb)": 0.006693351245220204,
        "Nitroglycerin": 0.006032860165751027,
        "Epi 1:1,000": 0.003619716099450616,
        "Oxymetazoline (afrin)": 0.003346675622610102,
        "Aspirin (asa)": 0.0013652023842025737,
        "Ondansetron (zofran)": 0.000117187039716673
    },
    "medical - overdose/poisoning/toxic ingestion (protocol 9 - 9)": {
        "Naloxone (narcan)": 0.3027240620553447,
        "Midazolam (versed)": 0.017228198653556202,
        "Dextrose 10 % injectable solution": 0.003997574143168492,
        "Ondansetron (zofran)": 0.0019865611184846964
    },
    "medical - seizure": {
        "Midazolam (versed)": 0.1924987502616739,
        "Naloxone (narcan)": 0.00699995455496996,
        "Aspirin (asa)": 0.002632890312390678,
        "Ondansetron (zofran)": 0.002260035765964408
    },
    "medical - stroke/tia (protocol 3 - 5)": {
        "Generic medication placeholder": 0.06902518471633334,
        "Naloxone (narcan)": 0.04491637506105724,
        "Dextrose 10 % injectable solution": 0.024318576037608328,
        "Glucose (oral forms)": 0.024318576037608328,
        "Ondansetron (zofran)": 0.00483396538831276
    },
    "medical - abdominal pain (protocol 3 - 2)": {
        "Fentanyl": 0.06277784506674913,
        "Ketorolac (toradol)": 0.05941261547656674,
        "Ondansetron (zofran)": 0.02610341309688891,
        "Aspirin (asa)": 0.017377076061778473,
        "Glucose (oral forms)": 0.012506696247912855,
        "Albuterol (proventil)": 0.012506696247912855,
        "Ipratropium (atrovent)": 0.012506696247912855
    }
}