{
    "medical - chest pain - cardiac suspected (protocol 2 - 1)": {
        "Pressure": 0.1307845605151579,
        "Aching": 0.1307845605151579,
        "Burning": 0.1307845605151579,
        "Indigestion": 0.1307845605151579,
        "Tightness": 0.1307845605151579,
        "Substernal pain": 0.1307845605151579,
        "Epigastric pain": 0.1307845605151579,
        "Arm pain": 0.1307845605151579,
        "Jaw pain": 0.1307845605151579,
        "Neck pain": 0.1307845605151579,
        "Shoulder pain": 0.1307845605151579,
        "Radiation of pain": 0.1307845605151579,
        "Pale": 0.1307845605151579,
        "Non-specific illness": 0.1307845605151579,
        "Shortness of breath": 0.0943031299593713,
        "Nausea": 0.0943031299593713,
        "Diaphoresis": 0.07296286111157319,
        "Vomiting": 0.057821699403584725,
        "Dizziness": 0.04607730196599473
    },
    "medical - abdominal pain (protocol 3 - 2)": {
        "Distension": 0.09939626599152002,
        "Rigidity": 0.09939626599152002,
        "Unequal femoral pulses": 0.09939626599152002,
        "Absent femoral pulses": 0.09939626599152002,
        "Orthostatic changes": 0.09939626599152002,
        "Tenderness": 0.09939626599152002,
        "Diarrhea": 0.09939626599152002,
        "Dysuria": 0.09939626599152002,
        "Constipation": 0.09939626599152002,
        "Vaginal bleeding": 0.09939626599152002,
        "Discharge": 0.09939626599152002,
        "Pregnancy": 0.09939626599152002,
        "Associated symptoms": 0.09939626599152002,
        "Malaise": 0.09939626599152002,
        "Myalgias": 0.09939626599152002,
        "Rash": 0.09939626599152002,
        "Pain": 0.0716703787691222,
        "Nausea": 0.0716703787691222,
        "Fever": 0.0716703787691222,
        "Cough": 0.0716703787691222,
        "Diaphoresis": 0.055451774444795626,
        "Headache": 0.055451774444795626,
        "Weakness": 0.055451774444795626,
        "Mental status changes": 0.055451774444795626,
        "Vomiting": 0.04394449154672439
    },
    "medical - stroke/tia (protocol 3 - 5)": {
        "Paralysis": 0.15530666561175002,
        "Sensory loss": 0.15530666561175002,
        "Aphasia": 0.15530666561175002,
        "Dysarthria": 0.15530666561175002,
        "Syncope": 0.15530666561175002,
        "Vertigo": 0.15530666561175002,
        "Respiratory pattern change": 0.15530666561175002,
        "Altered mental status": 0.11198496682675343,
        "Blindness": 0.11198496682675343,
        "Weakness": 0.08664339756999316,
        "Headache": 0.08664339756999316,
        "Seizures": 0.08664339756999316,
        "Vomiting": 0.06866326804175686,
        "Hypertension": 0.06866326804175686,
        "Hypotension": 0.06866326804175686,
        "Dizziness": 0.05471679608461874
    },
    "medical - diabetic - hypoglycemia": {
        "Anxiety": 0.15530666561175002,
        "Agitation": 0.15530666561175002,
        "Confusion": 0.15530666561175002,
        "Cool skin": 0.15530666561175002,
        "Clammy skin": 0.15530666561175002,
        "Decreased visual acuity": 0.15530666561175002,
        "Abnormal behavior": 0.15530666561175002,
        "Hostile behavior": 0.15530666561175002,
        "Seizure": 0.11198496682675343,
        "Blindness": 0.11198496682675343,
        "Diaphoresis": 0.08664339756999316,
        "Headache": 0.08664339756999316,
        "Weakness": 0.08664339756999316,
        "Tachycardia": 0.06866326804175686,
        "Hypertension": 0.06866326804175686,
        "Dizziness": 0.05471679608461874
    },
    "general - pain control": {
        "Severity": 0.35498666425542863,
        "Sharp": 0.35498666425542863,
        "Dull": 0.35498666425542863,
        "Radiation": 0.35498666425542863,
        "Relation to movement": 0.35498666425542863,
        "Respiration": 0.35498666425542863,
        "Increased with palpation of area": 0.35498666425542863
    },
    "medical - respiratory distress/asthma/copd/croup/reactive airway (respiratory distress) (protocol 3 - 11)": {
        "Purse lip respirations": 0.20707555414900003,
        "Decreased ability to speak": 0.20707555414900003,
        "Increased respiratory rate": 0.20707555414900003,
        "Use of accessory muscles": 0.20707555414900003,
        "Tripoding": 0.20707555414900003,
        "Rhonchi": 0.20707555414900003,
        "Rales": 0.20707555414900003,
        "Shortness of breath": 0.1493132891023379,
        "Wheezing": 0.1493132891023379,
        "Fever": 0.1493132891023379,
        "Cough": 0.1493132891023379,
        "Tachycardia": 0.0915510240556758
    },
    "medical - seizure": {
        "Decreased mental status": 0.4969813299576001,
        "Sleepiness": 0.4969813299576001,
        "Incontinence": 0.4969813299576001,
        "Trauma": 0.4969813299576001,
        "Seizure": 0.358351893845611
    },
    "medical - altered mental status": {
        "Lightheadedness": 0.31061333122350004,
        "Palpitations": 0.31061333122350004,
        "Slow pulse": 0.31061333122350004,
        "Rapid pulse": 0.31061333122350004,
        "Pulse irregularity": 0.31061333122350004,
        "Decreased blood pressure": 0.31061333122350004,
        "Loss of consciousness with recovery": 0.15530666561175002,
        "Loss of consciousness": 0.11198496682675343,
        "Dizziness": 0.10943359216923748
    },
    "medical - overdose/poisoning - opioid (protocol 7 - 1)": {
        "Hypothermia": 0.19908438546978388,
        "Hyperthermia": 0.19908438546978388,
        "Decreased respiratory rate": 0.19908438546978388,
        "Dysrhythmias": 0.19908438546978388,
        "Mental status changes": 0.15403270679109896,
        "Seizures": 0.15403270679109896,
        "Hypotension": 0.12206803207423442,
        "Hypertension": 0.12206803207423442,
        "Tachycardia": 0.12206803207423442
    },
    "general - cardiac arrest": {
        "Unresponsive": 0.4969813299576001,
        "Apneic": 0.4969813299576001,
        "Pulseless": 0.4969813299576001,
        "Ventricular fibrillation": 0.4969813299576001,
        "Pulseless ventricular tachycardia on ecg": 0.4969813299576001
    },
    "medical - overdose/poisoning/toxic ingestion (protocol 9 - 9)": {
        "Hypothermia": 0.19908438546978388,
        "Hyperthermia": 0.19908438546978388,
        "Decreased respiratory rate": 0.19908438546978388,
        "Dysrhythmias": 0.19908438546978388,
        "Mental status changes": 0.15403270679109896,
        "Seizures": 0.15403270679109896,
        "Hypotension": 0.12206803207423442,
        "Hypertension": 0.12206803207423442,
        "Tachycardia": 0.12206803207423442
    },
    "injury - general trauma management (protocol 4 - 1)": {
        "Swelling": 0.046885031128075474,
        "Bleeding": 0.046885031128075474,
        "Deformity": 0.046885031128075474,
        "Lesions": 0.046885031128075474,
        "Unconsciousness": 0.046885031128075474,
        "Respiratory distress": 0.046885031128075474,
        "Respiratory failure": 0.046885031128075474,
        "Shock": 0.046885031128075474,
        "Arrest": 0.046885031128075474,
        "Significant mechanism of injury": 0.046885031128075474,
        "Burns": 0.046885031128075474,
        "Airway compromise": 0.046885031128075474,
        "Airway distress": 0.046885031128075474,
        "Singed facial hair": 0.046885031128075474,
        "Singed nasal hair": 0.046885031128075474,
        "Hoarseness": 0.046885031128075474,
        "Muscle mass": 0.046885031128075474,
        "Wound": 0.046885031128075474,
        "Cardiac": 0.046885031128075474,
        "Respiratory arrest": 0.046885031128075474,
        "Head pain": 0.046885031128075474,
        "Head bleeding": 0.046885031128075474,
        "Cushing\u2019s reflex triad": 0.046885031128075474,
        "Cheyne-stokes": 0.046885031128075474,
        "Biot\u2019s respiration": 0.046885031128075474,
        "Unequal pupil(s)": 0.046885031128075474,
        "Dilated pupil(s)": 0.046885031128075474,