{
    "medical - overdose/poisoning - opioid (protocol 7 - 1)": {
        "Resp - assist ventilation - bvm via mask": 0.07193524934654622,
        "Airway - nasopharyngeal insertion": 0.052470417170421946,
        "Airway - oropharyngeal insertion": 0.018461486225662845,
        "Cv - ecg - 12 lead obtained": 0.017340888052142924,
        "Behavior - restraint applied (physical)": 0.015566722719314082,
        "Assess - etco2 capnography": 0.012835597444721502,
        "Airway - open/position": 0.008299526580804337,
        "Iv start - ej (external jugular vein)": 0.005554297559908715,
        "Assess - pulse oximetry": 0.0034131836738377523,
        "Airway - clear/suction": 0.003385188204543352,
        "General - contact medical control": 0.0023076857782078557,
        "Airway - confirm - etco2 capnography": 0.0019517949467657348,
        "Iv - maintain / monitor / flush": 0.0005555130690083187,
        "Assess - continuous monitoring": 0.0004278532481573834
    },
    "medical - altered mental status (protocol 3 - 15)": {
        "Cv - ecg - 12 lead obtained": 0.05641514381869328,
        "Airway - nasopharyngeal insertion": 0.009344396874050798,
        "Assess - etco2 capnography": 0.0077610964675190255,
        "Resp - assist ventilation - bvm via mask": 0.007342026115325628,
        "Behavior - restraint applied (physical)": 0.00446441859119951,
        "Electrocardiographic monitoring": 0.004386706699032493,
        "Assess - glucose check - prior to glucose": 0.003348313943399633,
        "Iv start - ej (external jugular vein)": 0.0032854194057195885,
        "Assess - glucose check - after glucose given": 0.00269190712389468,
        "Airway - clear/suction": 0.002002370758725171,
        "Ms - cervical spinal restriction of motion": 0.0018200238779073274,
        "Ms - application of cervical collar": 0.0015393401655624096,
        "Ms - full spinal restriction of motion": 0.0015393401655624096,
        "Io start - intraosseous access": 0.0015393401655624096,
        "Resp - nebulizer therapy": 0.0015393401655624096,
        "Assess - continuous monitoring": 0.001349755907394613,
        "Iv - maintain / monitor / flush": 0.0008762432560206687
    },
    "medical - stroke/tia (protocol 3 - 5)": {
        "Cv - ecg - 12 lead obtained": 0.0567273224801406,
        "Electrocardiographic monitoring": 0.004665460636429207,
        "Wound - bleeding control - pressure dressing": 0.0030166974876314895,
        "Iv - maintain / monitor / flush": 0.0024230030905615014,
        "Airway - clear/suction": 0.0018456634819553753,
        "Assess - glucose check - prior to glucose": 0.0015431359913059177,
        "Assess - continuous monitoring": 0.001399638190928762,
        "Assess - etco2 capnography": 0.0009330921272858413,
        "Airway - nasopharyngeal insertion": 0.0009228317409776877,
        "Iv start - ej (external jugular vein)": 0.0007570749065353835
    },
    "medical - chest pain - cardiac suspected (protocol 2 - 1)": {
        "Cv - ecg - 12 lead obtained": 0.08531663326876686,
        "Electrocardiographic monitoring": 0.00309535369147707,
        "Iv - maintain / monitor / flush": 0.002344371980651453,
        "Assess - continuous monitoring": 0.00206356912765138,
        "General - contact medical control": 0.0013912682528233898,
        "Resp - nebulizer therapy": 0.001176707145790496,
        "Assess - pain assessment": 0.001028877963219361,
        "Assess - vital signs taken": 0.001028877963219361,
        "Environment - patient warming": 0.001028877963219361,
        "Assess - glucose check - prior to glucose": 0.0008531761490393296,
        "Assess - etco2 capnography": 0.0006448653523910562
    },
    "medical - diabetic - hypoglycemia (protocol 3 - 8)": {
        "Cv - ecg - 12 lead obtained": 0.027239799040970143,
        "Assess - glucose check - after glucose given": 0.02555302881786592,
        "Thermotherapy with hot packs (regime/therapy)": 0.016914706531678904,
        "Airway - clear/suction": 0.01425568435689413,
        "Assess - glucose check - prior to glucose": 0.010594665014936153,
        "Airway - nasopharyngeal insertion": 0.009503789571262753,
        "Iv start - ej (external jugular vein)": 0.00909619850389528,
        "General - contact medical control": 0.008638322286187017,
        "Environment - patient warming": 0.00638825720446648,
        "Wound care - general": 0.004319161143093509,
        "Io start - intraosseous access": 0.0036530609899167632,
        "Assess - etco2 capnography": 0.0032031520787424404,
        "Resp - assist ventilation - bvm via mask": 0.0031679298570875844,
        "Iv - maintain / monitor / flush": 0.00311916442628253,
        "Assess - continuous monitoring": 0.0016015760393712202,
        "Electrocardiographic monitoring": 0.0016015760393712202
    },
    "injury - general trauma management (protocol 4 - 1)": {
        "Ms - application of cervical collar": 0.05880479346755621,
        "Ms - full spinal restriction of motion": 0.05085819975572429,
        "Wound care - dressing applied": 0.04047447634366023,
        "Ms - cervical spinal restriction of motion": 0.037582311245099365,
        "Ms - c-spine manual stabilization": 0.031538201007056475,
        "Wound care - cleaning wound": 0.029435982795389257,
        "Wound - bleeding control - tourniquet used": 0.029435982795389257,
        "Cold pack treatment": 0.02779306705839313,
        "Ms - splinting - general": 0.0257564849459656,
        "Wound - bleeding control - direct pressure": 0.024428502309314582,
        "Cv - ecg - 12 lead obtained": 0.016137642758728928,
        "Wound care - general": 0.013153808935784776,
        "Wound - bleeding control - pressure dressing": 0.011263643216805886,
        "Io start - intraosseous access": 0.009535912454198305,
        "Decompression - chest decompression": 0.007358995698847314,
        "Ms - splinting - traction": 0.007358995698847314,
        "Iv - maintain / monitor / flush": 0.004975809918117369,
        "Resp - assist ventilation - bvm via mask": 0.004823893191474276,
        "Intubation - oral": 0.004505457286722354,
        "Airway - king lt/i-gel insertion": 0.004505457286722354,
        "Assess - etco2 capnography": 0.0038323426656382766,
        "Intubation - extubation (accidental)": 0.003679497849423657,
        "Wound - bleeding control - hemostatic agent use": 0.003679497849423657,
        "Resp - ventilator - initiate, maintain or adjust": 0.003679497849423657,
        "General - extrication": 0.003679497849423657,
        "Airway - clear/suction": 0.0034456379939101973,
        "Wound care - irrigation": 0.002779306705839313,
        "Assess - pain assessment": 0.002779306705839313,
        "Wound care - dressing - occlusive application": 0.002779306705839313,
        "Airway - nasopharyngeal insertion": 0.002756510395128158,
        "Assess - continuous monitoring": 0.002438763514497085,
        "Resp - assist ventilation - bvm via tube": 0.001879115562254968,
        "Airway - confirm - etco2 capnography": 0.001589318742366384,
        "Behavior - restraint applied (physical)": 0.001152341811689484,
        "Electrocardiographic monitoring": 0.0006967895755705958,
        "Iv start - ej (external jugular vein)": 0.0005653481444907085
    },
    "medical - abdominal pain (protocol 3 - 2)": {
        "Cv - ecg - 12 lead obtained": 0.06040409338163119,
        "Electrocardiographic monitoring": 0.004172995347028346,
        "Iv start - ej (external jugular vein)": 0.0029021204750523037,
        "Resp - nebulizer therapy": 0.002719500959160257,
        "Iv - maintain / monitor / flush": 0.0023220446284547723,
        "Assess - continuous monitoring": 0.0011922843848652417,
        "Assess - etco2 capnography": 0.0005961421924326209
    },
    "general - pain control (protocol 3 - 10)": {
        "Cv - ecg - 12 lead obtained": 0.0395502992379728,
        "Ms - application of cervical collar": 0.02266250799300214,