{
    "medical - overdose/poisoning - opioid (protocol 7 - 1)": {
        "Resp - assist ventilation - bvm via mask": 0.05496735915341941,
        "Airway - nasopharyngeal insertion": 0.028447031087735903,
        "Airway - oropharyngeal insertion": 0.01768796633007835,
        "Behavior - restraint applied (physical)": 0.012160476851928864,
        "Airway - open/position": 0.006632987373779381,
        "Assess - etco2 capnography": 0.004163223779408119,
        "Assess - pulse oximetry": 0.0028576706048294336,
        "Airway - clear/suction": 0.0025866992542785605,
        "General - contact medical control": 0.0017521727091995372,
        "Airway - confirm - etco2 capnography": 0.0017521727091995372,
        "Iv start - ej (external jugular vein)": 0.0011101930078421653,
        "Iv - maintain / monitor / flush": 0.00013877412598027066
    },
    "medical - altered mental status": {
        "Resp - assist ventilation - bvm via mask": 0.005406201441442192,
        "Airway - nasopharyngeal insertion": 0.00488187759312113,
        "Behavior - restraint applied (physical)": 0.0033607136027148862,
        "Assess - etco2 capnography": 0.002425771722135131,
        "Assess - glucose check - after glucose given": 0.0021718296596703697,
        "Assess - glucose check - prior to glucose": 0.0019599872753915887,
        "Electrocardiographic monitoring": 0.001792961707665097,
        "Airway - clear/suction": 0.0014744185749387797,
        "Ms - application of cervical collar": 0.0013316512589916483,
        "Io start - intraosseous access": 0.0013316512589916483,
        "Ms - cervical spinal restriction of motion": 0.0013316512589916483,
        "Ms - full spinal restriction of motion": 0.0010611742270956361,
        "Resp - nebulizer therapy": 0.0010611742270956361,
        "Iv start - ej (external jugular vein)": 0.0006328100144700341,
        "Iv - maintain / monitor / flush": 0.00021093667149001138
    },
    "medical - stroke/tia (protocol 3 - 5)": {
        "Wound - bleeding control - pressure dressing": 0.0024109467149911142,
        "Electrocardiographic monitoring": 0.0015132413389500818,
        "Airway - clear/suction": 0.0014103134195066589,
        "Assess - glucose check - prior to glucose": 0.0009373852186655425,
        "Iv - maintain / monitor / flush": 0.0006052965355800328,
        "Airway - nasopharyngeal insertion": 0.0005003166477422276,
        "Assess - etco2 capnography": 0.0003026482677900164,
        "Iv start - ej (external jugular vein)": 0.0001513241338950082
    },
    "medical - chest pain - cardiac suspected (protocol 2 - 1)": {
        "General - contact medical control": 0.0010563579698731826,
        "Electrocardiographic monitoring": 0.0010039774268034197,
        "Assess - pain assessment": 0.0008614228217442572,
        "Assess - vital signs taken": 0.0008614228217442572,
        "Environment - patient warming": 0.0008614228217442572,
        "Resp - nebulizer therapy": 0.0008417968628402884,
        "Iv - maintain / monitor / flush": 0.0005856534989686614,
        "Assess - glucose check - prior to glucose": 0.000518265866089122,
        "Assess - etco2 capnography": 0.0002091619639173791
    },
    "medical - diabetic - hypoglycemia": {
        "Assess - glucose check - after glucose given": 0.021141704651658464,
        "Thermotherapy with hot packs (regime/therapy)": 0.014660216222938055,
        "Airway - clear/suction": 0.010764560392252152,
        "General - contact medical control": 0.006481488428720411,
        "Assess - glucose check - prior to glucose": 0.006359840716609875,
        "Environment - patient warming": 0.005285426162914616,
        "Airway - nasopharyngeal insertion": 0.005091718096491696,
        "Wound care - general": 0.004089363897108822,
        "Io start - intraosseous access": 0.0032407442143602056,
        "Resp - assist ventilation - bvm via mask": 0.002392124531611589,
        "Iv start - ej (external jugular vein)": 0.0017966951000808493,
        "Assess - etco2 capnography": 0.001026682914331914,
        "Iv - maintain / monitor / flush": 0.0007700121857489354,
        "Electrocardiographic monitoring": 0.000513341457165957
    },
    "injury - general trauma management (protocol 4 - 1)": {
        "Ms - application of cervical collar": 0.05279046062431177,
        "Ms - full spinal restriction of motion": 0.03638311635756467,
        "Wound care - dressing applied": 0.03549866642554286,
        "Ms - cervical spinal restriction of motion": 0.028535384121249608,
        "Wound care - cleaning wound": 0.025817211945849353,
        "Wound - bleeding control - tourniquet used": 0.025817211945849353,
        "Ms - c-spine manual stabilization": 0.025205352020361647,
        "Wound - bleeding control - direct pressure": 0.023404969733192955,
        "Cold pack treatment": 0.02326960349646825,
        "Ms - splinting - general": 0.022590060452618185,
        "Wound care - general": 0.012602676010180823,
        "Wound - bleeding control - pressure dressing": 0.009001911435843446,
        "Io start - intraosseous access": 0.008560615236374882,
        "Decompression - chest decompression": 0.006454302986462338,
        "Ms - splinting - traction": 0.006454302986462338,
        "Intubation - oral": 0.00465392069929365,
        "Airway - king lt/i-gel insertion": 0.00465392069929365,
        "Resp - assist ventilation - bvm via mask": 0.0036860464373469487,
        "Intubation - extubation (accidental)": 0.003227151493231169,
        "Wound - bleeding control - hemostatic agent use": 0.003227151493231169,
        "Resp - ventilator - initiate, maintain or adjust": 0.003227151493231169,
        "General - extrication": 0.003227151493231169,
        "Airway - clear/suction": 0.002632890312390678,
        "Wound care - irrigation": 0.002326960349646825,
        "Assess - pain assessment": 0.002326960349646825,
        "Wound care - dressing - occlusive application": 0.002326960349646825,
        "Resp - assist ventilation - bvm via tube": 0.0018003822871686891,
        "Airway - nasopharyngeal insertion": 0.0014944523244248356,
        "Airway - confirm - etco2 capnography": 0.0014267692060624803,
        "Iv - maintain / monitor / flush": 0.0012430196712804242,
        "Assess - etco2 capnography": 0.0012430196712804242,
        "Behavior - restraint applied (physical)": 0.0009001911435843446,
        "Electrocardiographic monitoring": 0.00022600357659644077,
        "Iv start - ej (external jugular vein)": 0.00011300178829822039
    },
    "medical - abdominal pain (protocol 3 - 2)": {
        "Resp - nebulizer therapy": 0.0019454860830086663,
        "Electrocardiographic monitoring": 0.001353510308727573,
        "Iv - maintain / monitor / flush": 0.0005800758465975313,
        "Iv start - ej (external jugular vein)": 0.0005800758465975313,
        "Assess - etco2 capnography": 0.00019335861553251043
    },
    "general - pain control": {
        "Ms - application of cervical collar": 0.018209043458587454,
        "Ms - full spinal restriction of motion": 0.009673687705567953,
        "Ms - c-spine manual stabilization": 0.007659084868065693,
        "Ms - cervical spinal restriction of motion": 0.006069681152862484,
        "Iv start - ej (external jugular vein)": 0.00048072583972171105,
        "Electrocardiographic monitoring": 0.00048072583972171105
    },
    "general - cardiac arrest": {
        "Cpr - autopulse": 0.22768496949084363,
        "Cpr - manual": 0.1684197289400778,
        "Intubation - oral": 0.1287915574247654,
        "Io start - intraosseous access": 0.11107612397276308,
        "Airway - king lt/i-gel insertion": 0.10190101246794625,
        "Cv - defibrillation - manual": 0.08636326428963034,
        "Resp - assist ventilation - bvm via tube": 0.05584598137212829,
        "Airway - oropharyngeal insertion": 0.05037088515917454,
        "Resp - assist ventilation - bvm via mask": 0.03138671452969993,