{
    "medical - chest pain - cardiac suspected (protocol 2 - 1)": {
        "Pressure": 0.11263506123664582,
        "Aching": 0.11263506123664582,
        "Burning": 0.11263506123664582,
        "Indigestion": 0.11263506123664582,
        "Tightness": 0.11263506123664582,
        "Substernal pain": 0.11263506123664582,
        "Epigastric pain": 0.11263506123664582,
        "Arm pain": 0.11263506123664582,
        "Jaw pain": 0.11263506123664582,
        "Neck pain": 0.11263506123664582,
        "Shoulder pain": 0.11263506123664582,
        "Radiation of pain": 0.11263506123664582,
        "Pale": 0.11263506123664582,
        "Non-specific illness": 0.11263506123664582,
        "Shortness of breath": 0.0912947923888477,
        "Nausea": 0.0912947923888477,
        "Diaphoresis": 0.06440923324326925,
        "Vomiting": 0.06440923324326925,
        "Dizziness": 0.03967220012507264
    },
    "medical - abdominal pain (protocol 3 - 2)": {
        "Distension": 0.11332853376224865,
        "Rigidity": 0.11332853376224865,
        "Unequal femoral pulses": 0.11332853376224865,
        "Absent femoral pulses": 0.11332853376224865,
        "Orthostatic changes": 0.11332853376224865,
        "Tenderness": 0.11332853376224865,
        "Diarrhea": 0.11332853376224865,
        "Dysuria": 0.11332853376224865,
        "Constipation": 0.11332853376224865,
        "Vaginal bleeding": 0.11332853376224865,
        "Discharge": 0.11332853376224865,
        "Pregnancy": 0.11332853376224865,
        "Associated symptoms": 0.11332853376224865,
        "Malaise": 0.11332853376224865,
        "Myalgias": 0.11332853376224865,
        "Rash": 0.11332853376224865,
        "Pain": 0.08560264653985084,
        "Fever": 0.08560264653985084,
        "Cough": 0.08560264653985084,
        "Nausea": 0.06938404221552426,
        "Mental status changes": 0.06938404221552426,
        "Headache": 0.057876759317453015,
        "Diaphoresis": 0.04895101726488463,
        "Vomiting": 0.04895101726488463,
        "Weakness": 0.04895101726488463
    },
    "medical - stroke/tia (protocol 3 - 5)": {
        "Paralysis": 0.1770758340035135,
        "Sensory loss": 0.1770758340035135,
        "Aphasia": 0.1770758340035135,
        "Dysarthria": 0.1770758340035135,
        "Vertigo": 0.1770758340035135,
        "Respiratory pattern change": 0.1770758340035135,
        "Syncope": 0.13375413521851692,
        "Altered mental status": 0.10841256596175665,
        "Blindness": 0.10841256596175665,
        "Seizures": 0.10841256596175665,
        "Headache": 0.09043243643352034,
        "Weakness": 0.07648596447638223,
        "Vomiting": 0.07648596447638223,
        "Hypotension": 0.07648596447638223,
        "Hypertension": 0.06509086717676008,
        "Dizziness": 0.04711073764852376
    },
    "medical - diabetic - hypoglycemia (protocol 3 - 8)": {
        "Anxiety": 0.13375413521851692,
        "Agitation": 0.13375413521851692,
        "Decreased visual acuity": 0.13375413521851692,
        "Abnormal behavior": 0.13375413521851692,
        "Hostile behavior": 0.13375413521851692,
        "Confusion": 0.10841256596175665,
        "Cool skin": 0.10841256596175665,
        "Clammy skin": 0.10841256596175665,
        "Blindness": 0.10841256596175665,
        "Seizure": 0.09043243643352034,
        "Headache": 0.09043243643352034,
        "Diaphoresis": 0.07648596447638223,
        "Weakness": 0.07648596447638223,
        "Tachycardia": 0.06509086717676008,
        "Hypertension": 0.06509086717676008,
        "Dizziness": 0.04711073764852376
    },
    "general - pain control (protocol 3 - 10)": {
        "Severity": 0.30572373764232436,
        "Sharp": 0.30572373764232436,
        "Dull": 0.30572373764232436,
        "Radiation": 0.30572373764232436,
        "Relation to movement": 0.30572373764232436,
        "Respiration": 0.30572373764232436,
        "Increased with palpation of area": 0.30572373764232436
    },
    "medical - respiratory distress/asthma/copd/croup/reactive airway (respiratory distress) (protocol 3 - 11)": {
        "Purse lip respirations": 0.23610111200468467,
        "Decreased ability to speak": 0.23610111200468467,
        "Increased respiratory rate": 0.23610111200468467,
        "Use of accessory muscles": 0.23610111200468467,
        "Tripoding": 0.23610111200468467,
        "Rhonchi": 0.23610111200468467,
        "Wheezing": 0.17833884695802255,
        "Rales": 0.17833884695802255,
        "Fever": 0.17833884695802255,
        "Cough": 0.17833884695802255,
        "Shortness of breath": 0.14455008794900887,
        "Tachycardia": 0.08678782290234677
    },
    "medical - seizure (protocol 3 - 12)": {
        "Decreased mental status": 0.4280132326992542,
        "Sleepiness": 0.4280132326992542,
        "Incontinence": 0.4280132326992542,
        "Trauma": 0.4280132326992542,
        "Seizure": 0.2893837965872651
    },
    "medical - altered mental status (protocol 3 - 15)": {
        "Loss of consciousness": 0.26750827043703385,
        "Lightheadedness": 0.26750827043703385,
        "Palpitations": 0.26750827043703385,
        "Slow pulse": 0.26750827043703385,
        "Pulse irregularity": 0.26750827043703385,
        "Decreased blood pressure": 0.26750827043703385,
        "Rapid pulse": 0.2168251319235133,
        "Dizziness": 0.09422147529704752
    },
    "medical - overdose/poisoning - opioid (protocol 7 - 1)": {
        "Hypothermia": 0.2377851292773634,
        "Hyperthermia": 0.2377851292773634,
        "Decreased respiratory rate": 0.2377851292773634,
        "Dysrhythmias": 0.2377851292773634,
        "Mental status changes": 0.19273345059867847,
        "Seizures": 0.19273345059867847,
        "Hypotension": 0.13597504795801285,
        "Hypertension": 0.11571709720312902,
        "Tachycardia": 0.11571709720312902
    },
    "general - cardiac arrest (protocol 8 - 2)": {
        "Unresponsive": 0.5666426688112433,
        "Apneic": 0.5666426688112433,
        "Pulseless": 0.5666426688112433,
        "Ventricular fibrillation": 0.5666426688112433,
        "Pulseless ventricular tachycardia on ecg": 0.5666426688112433
    },
    "medical - diabetic - hypoglycemia (protocol 9 - 6)": {
        "Anxiety": 0.13375413521851692,
        "Agitation": 0.13375413521851692,
        "Decreased visual acuity": 0.13375413521851692,
        "Abnormal behavior": 0.13375413521851692,
        "Hostile behavior": 0.13375413521851692,
        "Confusion": 0.10841256596175665,
        "Cool skin": 0.10841256596175665,
        "Clammy skin": 0.10841256596175665,
        "Blindness": 0.10841256596175665,
        "Seizure": 0.09043243643352034,
        "Headache": 0.09043243643352034,
        "Diaphoresis": 0.07648596447638223,
        "Weakness": 0.07648596447638223,
        "Tachycardia": 0.06509086717676008,
        "Hypertension": 0.06509086717676008,
        "Dizziness": 0.04711073764852376
    },
    "general - pain control (protocol 9 - 8)": {
        "Severity": 0.30572373764232436,
        "Sharp": 0.30572373764232436,
        "Dull": 0.30572373764232436,
        "Radiation": 0.30572373764232436,
        "Relation to movement": 0.30572373764232436,
        "Respiration": 0.30572373764232436,
        "Increased with palpation of area": 0.30572373764232436
    },
    "medical - overdose/poisoning/toxic ingestion (protocol 9 - 9)": {
        "Hypothermia": 0.2377851292773634,
        "Hyperthermia": 0.2377851292773634,
        "Decreased respiratory rate": 0.2377851292773634,
        "Dysrhythmias": 0.2377851292773634,
        "Mental status changes": 0.19273345059867847,
        "Seizures": 0.19273345059867847,
        "Hypotension": 0.13597504795801285,
        "Hypertension": 0.11571709720312902,
        "Tachycardia": 0.11571709720312902
    },
    "medical - seizure (protocol 9 - 12)": {
        "Decreased mental status": 0.4280132326992542,
        "Sleepiness": 0.4280132326992542,
        "Incontinence": 0.4280132326992542,