{
    "medical - stroke/tia (protocol 3 - 5)": {
        "Hospital contact": 1.2824746787307684,
        "Clear airway": 0.9359010884507957
    },
    "medical - seizure (protocol 9 - 12)": {
        "Clear airway": 1.8718021769015913
    },
    "injury - general trauma management (protocol 4 - 1)": {
        "Open/position airway": 1.2824746787307684,
        "Thoracostomy": 1.2824746787307684
    },
    "medical - respiratory distress/asthma/copd/croup/reactive airway (respiratory distress) (protocol 3 - 11)": {
        "Etco2 capnography": 0.6412373393653842,
        "Cpap/bipap": 0.6412373393653842,
        "Nebulizer therapy": 0.6412373393653842,
        "General - contact medical control": 0.46795054422539784
    },
    "medical - altered mental status (protocol 3 - 15)": {
        "Glucose check": 2.5649493574615367
    },
    "medical - overdose/poisoning - opioid (protocol 7 - 1)": {
        "Restraint applied": 2.5649493574615367
    },
    "medical - chest pain - cardiac suspected (protocol 2 - 1)": {
        "Cpr": 0.7331685343967135,
        "Defibrillation": 0.7331685343967135
    },
    "general - cardiac arrest (protocol 2 - 7)": {
        "Rosc": 0.37436043538031827,
        "Cpr": 0.2932674137586854,
        "Defibrillation": 0.2932674137586854,
        "Io": 0.2932674137586854,
        "Vitals/assess": 0.23573099926832924
    },
    "general - cardiac arrest (protocol 8 - 2)": {
        "Rosc": 0.37436043538031827,
        "Cpr": 0.2932674137586854,
        "Defibrillation": 0.2932674137586854,
        "Io": 0.2932674137586854,
        "Vitals/assess": 0.23573099926832924
    },
    "medical - diabetic - hypoglycemia (protocol 9 - 6)": {
        "Io": 1.466337068793427
    },
    "medical - abdominal pain (protocol 3 - 2)": {
        "Vitals/assess": 1.1786549963416462
    },
    "medical - overdose/poisoning/toxic ingestion (protocol 9 - 9)": {
        "Vitals/assess": 1.1786549963416462
    },
    "general - pain control (protocol 9 - 8)": {
        "General - contact medical control": 1.8718021769015913
    }
}