{
    "medical - stroke/tia (protocol 3 - 5)": {
        "Hospital contact": 1.2424533248940002,
        "Clear airway": 0.8958797346140275
    },
    "medical - seizure": {
        "Clear airway": 1.791759469228055
    },
    "injury - general trauma management (protocol 4 - 1)": {
        "Open/position airway": 1.2424533248940002,
        "Thoracostomy": 1.2424533248940002
    },
    "medical - respiratory distress/asthma/copd/croup/reactive airway (respiratory distress) (protocol 3 - 11)": {
        "Etco2 capnography": 0.6212266624470001,
        "Cpap/bipap": 0.6212266624470001,
        "Nebulizer therapy": 0.6212266624470001,
        "General - contact medical control": 0.44793986730701374
    },
    "medical - altered mental status": {
        "Glucose check": 2.4849066497880004
    },
    "medical - overdose/poisoning - opioid (protocol 7 - 1)": {
        "Restraint applied": 2.4849066497880004
    },
    "medical - chest pain - cardiac suspected (protocol 2 - 1)": {
        "Cpr": 0.8958797346140275,
        "Defibrillation": 0.8958797346140275
    },
    "general - cardiac arrest": {
        "Rosc": 0.4969813299576001,
        "Cpr": 0.358351893845611,
        "Defibrillation": 0.358351893845611,
        "Io": 0.358351893845611,
        "Vitals/assess": 0.2772588722239781
    },
    "medical - diabetic - hypoglycemia": {
        "Io": 1.791759469228055
    },
    "medical - abdominal pain (protocol 3 - 2)": {
        "Vitals/assess": 1.3862943611198906
    },
    "medical - overdose/poisoning/toxic ingestion (protocol 9 - 9)": {
        "Vitals/assess": 1.3862943611198906
    },
    "general - pain control": {
        "General - contact medical control": 1.791759469228055
    }
}